A,B,count
智能手机,模型,11801
文具,模型,11647
围巾,模型,11646
围巾,文具,11596
卫浴用品,模型,11555
文具,文具,11539
模型,模型,11511
围巾,益智玩具,11507
文具,零食,11493
水果,模型,11488
智能手机,文具,11462
智能手机,益智玩具,11448
围巾,围巾,11445
智能手表,模型,11427
裙子,模型,11422
饮料,模型,11418
模型,文具,11396
智能手机,围巾,11388
游戏机,模型,11382
外套,模型,11382
水果,围巾,11370
文具,益智玩具,11336
水果,文具,11332
智能手机,零食,11323
文具,围巾,11317
智能手机,卫浴用品,11235
裙子,文具,11224
模型,益智玩具,11203
裙子,围巾,11201
围巾,耳机,11185
文具,水果,11181
饮料,文具,11181
肉类,模型,11172
模型,零食,11172
围巾,零食,11168
围巾,卫浴用品,11159
智能手机,水果,11155
围巾,裤子,11149
笔记本电脑,模型,11139
智能手机,裤子,11134
裤子,模型,11125
水果,卫浴用品,11116
零食,模型,11113
文具,卫浴用品,11108
智能手表,文具,11092
水果,零食,11085
智能手机,耳机,11083
智能手机,饮料,11080
水果,耳机,11076
耳机,模型,11074
饮料,围巾,11055
卫浴用品,文具,11050
水果,益智玩具,11049
卫浴用品,零食,11045
模型,家具,11036
智能手机,家具,11036
文具,家具,11033
卫浴用品,围巾,11023
水果,饮料,11016
卫浴用品,裤子,11012
模型,耳机,10991
游戏机,文具,10987
卫浴用品,卫浴用品,10967
卫浴用品,益智玩具,10960
围巾,家具,10959
外套,益智玩具,10950
游戏机,零食,10948
外套,文具,10948
裙子,饮料,10947
帽子,模型,10946
饮料,益智玩具,10945
裙子,卫浴用品,10944
裙子,益智玩具,10943
模型,围巾,10941
智能手表,围巾,10937
文具,耳机,10925
文具,婴儿用品,10921
饮料,卫浴用品,10919
裙子,裤子,10909
游戏机,围巾,10904
围巾,饮料,10903
文具,饮料,10879
水果,裤子,10877
模型,水果,10864
围巾,水果,10854
儿童课外读物,模型,10851
智能手机,智能手机,10848
智能手表,卫浴用品,10841
水果,水果,10839
水果,智能手机,10835
饮料,水果,10831
相机,模型,10826
游戏机,益智玩具,10823
内衣,模型,10822
文具,裤子,10817
外套,围巾,10816
智能手表,水果,10813
卫浴用品,婴儿用品,10813
文具,智能手机,10803
外套,零食,10803
智能手表,益智玩具,10801
围巾,健身器材,10800
模型,裤子,10799
模型,卫浴用品,10797
零食,零食,10797
水果,婴儿用品,10790
饮料,零食,10780
零食,围巾,10777
围巾,婴儿用品,10775
智能手表,耳机,10770
智能手机,健身器材,10766
外套,卫浴用品,10759
米面,模型,10759
文具,游戏机,10758
肉类,文具,10758
智能手表,零食,10758
裙子,水果,10754
模型,婴儿用品,10744
卫浴用品,智能手机,10740
围巾,游戏机,10740
饮料,裤子,10739
智能手机,游戏机,10731
笔记本电脑,文具,10727
裙子,婴儿用品,10726
游戏机,家具,10724
裙子,耳机,10723
饮料,饮料,10723
卫浴用品,饮料,10719
帽子,围巾,10719
文具,健身器材,10711
游戏机,卫浴用品,10710
水果,家具,10707
帽子,文具,10706
肉类,益智玩具,10705
智能手表,裤子,10703
裤子,围巾,10693
饮料,耳机,10690
智能手表,游戏机,10688
卫浴用品,耳机,10685
文具,相机,10682
卫浴用品,水果,10682
零食,益智玩具,10680
裙子,零食,10679
裤子,文具,10668
围巾,智能手机,10667
外套,智能手机,10666
智能手表,智能手机,10666
智能手机,内衣,10656
肉类,围巾,10655
饮料,智能手机,10655
益智玩具,模型,10654
文具,内衣,10646
外套,耳机,10644
零食,文具,10635
模型,游戏机,10635
水果,游戏机,10635
裙子,家具,10633
围巾,相机,10632
车载电子,模型,10628
智能手机,米面,10626
卫浴用品,家具,10620
耳机,益智玩具,10620
围巾,玩具,10619
内衣,围巾,10618
模型,饮料,10616
围巾,内衣,10615
游戏机,耳机,10613
围巾,裙子,10611
智能手表,婴儿用品,10610
卫浴用品,游戏机,10603
水果,相机,10600
裤子,益智玩具,10600
智能手机,婴儿用品,10596
模型,智能手机,10591
健身器材,模型,10591
笔记本电脑,卫浴用品,10590
裤子,裤子,10586
裙子,智能手机,10586
外套,裤子,10585
围巾,笔记本电脑,10577
裙子,游戏机,10571
外套,饮料,10568
儿童课外读物,文具,10566
文具,米面,10565
健身器材,围巾,10562
游戏机,水果,10561
肉类,卫浴用品,10560
模型,健身器材,10559
围巾,米面,10556
智能手表,家具,10556
围巾,床上用品,10555
手套,文具,10552
围巾,肉类,10551
智能手机,相机,10545
饮料,游戏机,10537
水果,裙子,10533
游戏机,饮料,10527
围巾,外套,10524
智能手机,汽车装饰,10521
游戏机,智能手机,10519
内衣,益智玩具,10515
饮料,相机,10514
文具,蛋奶,10509
饮料,家具,10508
模型,内衣,10505
零食,卫浴用品,10501
笔记本电脑,围巾,10497
蛋奶,模型,10495
智能手机,外套,10494
车载电子,文具,10491
智能手机,床上用品,10491
肉类,耳机,10486
儿童课外读物,围巾,10485
围巾,平板电脑,10476
饮料,婴儿用品,10470
外套,水果,10470
耳机,文具,10464
笔记本电脑,益智玩具,10462
裙子,裙子,10461
卫浴用品,内衣,10461
零食,水果,10459
饮料,内衣,10459
外套,家具,10457
内衣,文具,10455
游戏机,内衣,10453
智能手机,肉类,10453
文具,外套,10452
智能手机,笔记本电脑,10449
健身器材,文具,10447
智能手表,饮料,10444
帽子,智能手机,10443
裙子,肉类,10440
水果,内衣,10439
平板电脑,模型,10437
水果,米面,10437
饮料,健身器材,10437
围巾,汽车装饰,10437
相机,益智玩具,10435
裙子,相机,10435
智能手表,健身器材,10433
卫浴用品,健身器材,10431
围巾,蛋奶,10431
饮料,裙子,10427
肉类,零食,10425
零食,家具,10422
外套,相机,10420
游戏机,健身器材,10418
文具,肉类,10417
智能手机,儿童课外读物,10415
卫浴用品,相机,10414
围巾,蔬菜,10414
卫浴用品,裙子,10411
手套,模型,10410
文具,笔记本电脑,10410
上衣,模型,10409
玩具,模型,10407
智能手机,裙子,10407
文具,车载电子,10404
文具,裙子,10401
零食,耳机,10400
相机,文具,10393
模型,相机,10388
肉类,裤子,10388
外套,婴儿用品,10386
智能手表,相机,10386
米面,益智玩具,10385
零食,裤子,10380
文具,平板电脑,10378
帽子,益智玩具,10376
裤子,耳机,10375
围巾,儿童课外读物,10374
帽子,卫浴用品,10372
游戏机,裤子,10372
汽车装饰,模型,10366
耳机,零食,10364
水果,健身器材,10361
家具,模型,10360
模型,笔记本电脑,10357
车载电子,裤子,10353
健身器材,水果,10350
帽子,耳机,10340
智能手表,裙子,10338
围巾,智能手表,10338
水果,肉类,10336
帽子,零食,10334
智能手表,内衣,10332
模型,米面,10332
儿童课外读物,益智玩具,10330
健身器材,益智玩具,10329
围巾,厨具,10321
智能手机,平板电脑,10319
水果,儿童课外读物,10316
手套,益智玩具,10314
零食,婴儿用品,10312
文具,床上用品,10309
肉类,水果,10305
文具,儿童课外读物,10305
裤子,智能手机,10304
卫浴用品,蛋奶,10304
手套,围巾,10304
车载电子,围巾,10303
智能手表,外套,10302
智能手表,米面,10301
模型,裙子,10294
裙子,蛋奶,10294
水果,床上用品,10294
模型,床上用品,10290
裤子,卫浴用品,10288
平板电脑,文具,10287
智能手机,蔬菜,10286
水果,蛋奶,10286
儿童课外读物,水果,10285
外套,内衣,10284
水果,蔬菜,10279
卫浴用品,米面,10277
智能手机,车载电子,10274
裤子,婴儿用品,10274
智能手机,蛋奶,10272
肉类,家具,10269
车载电子,益智玩具,10269
帽子,裤子,10268
饮料,米面,10266
车载电子,零食,10265
裤子,零食,10264
笔记本电脑,饮料,10262
肉类,饮料,10262
床上用品,模型,10260
笔记本电脑,零食,10260
耳机,围巾,10257
游戏机,游戏机,10253
水果,笔记本电脑,10252
相机,围巾,10250
饮料,笔记本电脑,10249
游戏机,婴儿用品,10247
儿童课外读物,卫浴用品,10247
车载电子,家具,10246
水果,平板电脑,10245
智能手机,帽子,10240
游戏机,相机,10232
卫浴用品,肉类,10231
智能手机,玩具,10230
零食,饮料,10228
智能手机,厨具,10227
模型,儿童课外读物,10226
文具,汽车装饰,10225
文具,厨具,10224
米面,文具,10221
饮料,床上用品,10221
裙子,外套,10221
笔记本电脑,裙子,10220
围巾,车载电子,10220
水果,车载电子,10218
游戏机,肉类,10217
裙子,内衣,10216
卫浴用品,儿童课外读物,10215
车载电子,耳机,10214
游戏机,裙子,10213
裙子,米面,10212
智能手表,蛋奶,10210
内衣,零食,10208
笔记本电脑,智能手机,10207
儿童课外读物,智能手机,10207
文具,帽子,10201
卫浴用品,厨具,10199
肉类,智能手机,10197
相机,零食,10196
儿童课外读物,饮料,10196
婴儿用品,模型,10195
益智玩具,文具,10193
内衣,卫浴用品,10192
耳机,耳机,10187
水果,外套,10183
外套,肉类,10176
裙子,汽车装饰,10174
外套,游戏机,10174
裤子,家具,10173
耳机,卫浴用品,10171
相机,耳机,10170
饮料,肉类,10170
儿童课外读物,耳机,10169
智能手表,蔬菜,10166
饮料,外套,10166
平板电脑,围巾,10166
智能手机,水产,10165
模型,厨具,10164
智能手表,汽车装饰,10164
玩具,文具,10164
笔记本电脑,耳机,10163
模型,汽车装饰,10162
笔记本电脑,家具,10160
户外装备,模型,10157
智能手表,笔记本电脑,10154
裙子,笔记本电脑,10154
饮料,蛋奶,10153
外套,裙子,10153
裙子,平板电脑,10153
耳机,婴儿用品,10150
蛋奶,益智玩具,10149
外套,健身器材,10148
帽子,饮料,10147
裙子,儿童课外读物,10147
笔记本电脑,婴儿用品,10146
鞋子,模型,10144
笔记本电脑,水果,10144
笔记本电脑,健身器材,10144
智能手表,肉类,10140
文具,水产,10140
肉类,健身器材,10138
卫浴用品,汽车装饰,10135
裙子,健身器材,10133
围巾,上衣,10131
裙子,床上用品,10131
卫浴用品,玩具,10131
饮料,儿童课外读物,10130
游戏机,笔记本电脑,10129
耳机,饮料,10129
模型,车载电子,10128
米面,零食,10125
智能手表,床上用品,10125
智能手表,平板电脑,10124
儿童课外读物,零食,10122
健身器材,零食,10121
车载电子,水果,10118
办公用品,模型,10117
零食,内衣,10117
音响,模型,10115
围巾,帽子,10112
外套,米面,10112
卫浴用品,外套,10111
肉类,游戏机,10111
智能手机,户外装备,10111
零食,健身器材,10108
饮料,平板电脑,10107
米面,耳机,10107
卫浴用品,平板电脑,10107
模型,蛋奶,10104
汽车装饰,文具,10101
健身器材,卫浴用品,10100
耳机,水果,10098
耳机,裤子,10097
文具,智能手表,10097
智能手机,手套,10094
游戏机,蛋奶,10092
游戏机,米面,10087
帽子,水果,10087
外套,厨具,10087
裤子,平板电脑,10085
文具,蔬菜,10084
米面,裤子,10082
模型,蔬菜,10081
裙子,车载电子,10074
模型,玩具,10074
裙子,厨具,10068
零食,智能手机,10067
耳机,家具,10067
内衣,家具,10066
水产,模型,10065
智能手表,厨具,10065
裤子,健身器材,10064
文具,玩具,10064
裤子,相机,10064
益智玩具,卫浴用品,10060
蛋奶,文具,10059
帽子,婴儿用品,10057
智能手机,调味品,10056
车载电子,饮料,10052
智能手表,玩具,10051
游戏机,床上用品,10050
围巾,调味品,10050
外套,床上用品,10049
智能手机,智能手表,10049
耳机,健身器材,10048
围巾,手套,10041
饮料,车载电子,10040
玩具,围巾,10039
益智玩具,益智玩具,10039
肉类,内衣,10038
零食,游戏机,10038
平板电脑,益智玩具,10038
模型,外套,10038
模型,肉类,10037
裤子,水果,10035
车载电子,卫浴用品,10032
模型,平板电脑,10030
笔记本电脑,游戏机,10026
水果,帽子,10025
蔬菜,模型,10024
厨具,模型,10024
零食,相机,10023
卫浴用品,蔬菜,10023
裙子,智能手表,10019
围巾,办公用品,10018
蛋奶,零食,10018
水果,汽车装饰,10017
智能手表,儿童课外读物,10017
健身器材,耳机,10017
卫浴用品,笔记本电脑,10015
内衣,耳机,10014
卫浴用品,帽子,10014
零食,裙子,10014
模型,水产,10011
车载电子,智能手机,10009
围巾,水产,10009
水果,厨具,10009
玩具,益智玩具,10009
手套,零食,10008
饮料,厨具,10008
裤子,饮料,10006
米面,围巾,10006
裙子,蔬菜,10003
肉类,婴儿用品,10003
文具,手套,10000
内衣,婴儿用品,9997
家具,益智玩具,9997
厨具,文具,9996
健身器材,裤子,9991
车载电子,游戏机,9986
文具,户外装备,9986
益智玩具,零食,9983
相机,裤子,9981
健身器材,家具,9980
零食,床上用品,9979
裙子,帽子,9977
笔记本电脑,裤子,9976
上衣,文具,9974
智能手表,智能手表,9974
相机,婴儿用品,9972
内衣,水果,9972
智能手机,办公用品,9970
益智玩具,耳机,9964
帽子,家具,9961
外套,儿童课外读物,9961
相机,卫浴用品,9959
健身器材,健身器材,9950
零食,米面,9947
肉类,肉类,9945
肉类,裙子,9945
笔记本电脑,相机,9942
儿童课外读物,游戏机,9941
家具,文具,9940
裙子,玩具,9940
裙子,办公用品,9939
饮料,玩具,9939
汽车装饰,益智玩具,9937
肉类,相机,9937
围巾,户外装备,9936
耳机,智能手机,9936
游戏机,汽车装饰,9936
水果,办公用品,9934
智能手表,帽子,9933
模型,智能手表,9933
水果,智能手表,9932
帽子,游戏机,9931
汽车装饰,零食,9930
智能手表,办公用品,9929
卫浴用品,智能手表,9927
文具,调味品,9926
外套,帽子,9926
卫浴用品,水产,9925
上衣,围巾,9925
家具,围巾,9924
床上用品,文具,9924
儿童课外读物,家具,9922
办公用品,文具,9922
游戏机,蔬菜,9921
外套,智能手表,9920
模型,帽子,9920
外套,汽车装饰,9919
水果,水产,9918
米面,卫浴用品,9916
水果,玩具,9915
卫浴用品,床上用品,9915
内衣,裤子,9914
健身器材,智能手机,9914
卫浴用品,办公用品,9910
水产,围巾,9910
外套,蛋奶,9910
婴儿用品,文具,9909
玩具,零食,9908
平板电脑,耳机,9905
饮料,蔬菜,9904
相机,智能手机,9903
外套,蔬菜,9903
户外装备,围巾,9902
相机,饮料,9901
笔记本电脑,内衣,9900
外套,车载电子,9899
帽子,相机,9898
外套,玩具,9898
零食,蛋奶,9897
饮料,汽车装饰,9897
文具,办公用品,9897
零食,蔬菜,9897
米面,饮料,9896
游戏机,外套,9895
内衣,健身器材,9894
益智玩具,围巾,9891
外套,平板电脑,9891
游戏机,儿童课外读物,9890
上衣,益智玩具,9889
游戏机,厨具,9889
米面,家具,9888
蔬菜,围巾,9884
卫浴用品,车载电子,9883
游戏机,车载电子,9883
蛋奶,围巾,9880
汽车装饰,围巾,9879
游戏机,平板电脑,9879
肉类,外套,9879
健身器材,婴儿用品,9877
帽子,米面,9877
儿童课外读物,婴儿用品,9872
户外装备,文具,9870
裙子,水产,9869
相机,水果,9868
笔记本电脑,米面,9867
调味品,模型,9866
零食,厨具,9863
耳机,游戏机,9863
外套,外套,9861
水产,益智玩具,9857
米面,水果,9855
饮料,手套,9851
外套,笔记本电脑,9850
零食,肉类,9847
儿童课外读物,裤子,9847
裤子,米面,9845
智能手表,水产,9843
游戏机,玩具,9842
饮料,办公用品,9840
手套,耳机,9839
车载电子,婴儿用品,9835
玩具,裤子,9830
水果,调味品,9824
家具,零食,9822
蛋奶,水果,9822
玩具,耳机,9820
裙子,上衣,9816
健身器材,游戏机,9815
卫浴用品,手套,9815
车载电子,裙子,9815
儿童课外读物,相机,9814
裤子,内衣,9813
健身器材,裙子,9810
耳机,内衣,9810
帽子,内衣,9809
手套,家具,9809
饮料,水产,9806
相机,健身器材,9805
办公用品,围巾,9800
游戏机,智能手表,9800
裤子,儿童课外读物,9800
水果,户外装备,9800
帽子,肉类,9798
床上用品,益智玩具,9798
水果,上衣,9797
肉类,笔记本电脑,9796
帽子,蛋奶,9794
肉类,平板电脑,9794
帽子,裙子,9793
手套,裤子,9792
裤子,蛋奶,9791
裤子,游戏机,9790
零食,儿童课外读物,9790
智能手机,上衣,9790
智能手表,车载电子,9788
饮料,帽子,9786
笔记本电脑,床上用品,9785
鞋子,文具,9785
车载电子,内衣,9783
厨具,益智玩具,9781
平板电脑,零食,9776
上衣,卫浴用品,9776
调味品,文具,9773
耳机,裙子,9773
水产,文具,9771
手套,饮料,9771
玩具,水果,9767
帽子,汽车装饰,9764
健身器材,相机,9764
饮料,智能手表,9764
户外装备,饮料,9762
床上用品,耳机,9761
肉类,汽车装饰,9761
外套,水产,9760
模型,手套,9760
户外装备,零食,9760
模型,办公用品,9758
上衣,裤子,9757
床上用品,围巾,9757
婴儿用品,益智玩具,9756
内衣,智能手机,9753
鞋子,围巾,9751
车载电子,健身器材,9750
厨具,零食,9749
肉类,厨具,9749
零食,帽子,9749
平板电脑,水果,9748
蔬菜,益智玩具,9747
益智玩具,家具,9746
相机,家具,9745
肉类,米面,9745
手套,水果,9741
笔记本电脑,蛋奶,9738
零食,平板电脑,9737
健身器材,内衣,9736
手套,卫浴用品,9733
儿童课外读物,外套,9733
相机,游戏机,9733
文具,上衣,9733
笔记本电脑,儿童课外读物,9732
平板电脑,卫浴用品,9729
蛋奶,饮料,9728
家具,婴儿用品,9727
游戏机,办公用品,9727
儿童课外读物,健身器材,9727
笔记本电脑,外套,9726
裙子,户外装备,9724
帽子,健身器材,9724
裤子,肉类,9722
外套,办公用品,9721
饮料,户外装备,9720
上衣,耳机,9716
裙子,手套,9714
益智玩具,裤子,9713
智能手表,户外装备,9712
平板电脑,婴儿用品,9711
零食,笔记本电脑,9709
内衣,内衣,9708
卫浴用品,调味品,9708
手套,健身器材,9707
蛋奶,耳机,9707
玩具,饮料,9706
肉类,蔬菜,9706
蔬菜,文具,9704
帽子,平板电脑,9703
婴儿用品,卫浴用品,9703
平板电脑,家具,9702
儿童课外读物,笔记本电脑,9698
零食,汽车装饰,9698
调味品,围巾,9696
模型,上衣,9696
裤子,蔬菜,9692
手套,婴儿用品,9691
耳机,米面,9691
裤子,外套,9690
裙子,调味品,9690
办公用品,益智玩具,9688
帽子,外套,9686
内衣,裙子,9686
健身器材,饮料,9679
音响,文具,9677
裤子,床上用品,9676
饮料,上衣,9675
内衣,饮料,9674
米面,健身器材,9673
办公用品,零食,9672
笔记本电脑,肉类,9672
智能手机,音响,9672
耳机,肉类,9669
儿童课外读物,肉类,9668
家具,耳机,9667
笔记本电脑,汽车装饰,9666
米面,智能手机,9665
肉类,蛋奶,9664
玩具,卫浴用品,9661
肉类,床上用品,9660
裤子,厨具,9660
健身器材,汽车装饰,9660
蛋奶,卫浴用品,9659
笔记本电脑,平板电脑,9659
内衣,游戏机,9658
笔记本电脑,厨具,9658
益智玩具,婴儿用品,9657
手套,游戏机,9656
儿童课外读物,内衣,9656
上衣,零食,9656
车载电子,笔记本电脑,9655
帽子,儿童课外读物,9655
米面,婴儿用品,9655
家具,卫浴用品,9653
益智玩具,水果,9653
汽车装饰,卫浴用品,9653
卫浴用品,户外装备,9653
饮料,调味品,9652
内衣,米面,9651
手套,智能手机,9649
婴儿用品,水果,9649
户外装备,卫浴用品,9648
帽子,笔记本电脑,9647
车载电子,相机,9643
鞋子,耳机,9643
水果,手套,9640
模型,调味品,9640
户外装备,益智玩具,9639
裤子,汽车装饰,9637
游戏机,户外装备,9637
水产,饮料,9635
内衣,相机,9635
内衣,平板电脑,9632
音响,益智玩具,9631
智能手表,手套,9630
鞋子,益智玩具,9627
玩具,内衣,9627
家具,饮料,9626
米面,内衣,9625
儿童课外读物,裙子,9624
智能手表,调味品,9623
蛋奶,家具,9623
相机,内衣,9622
儿童课外读物,蛋奶,9621
耳机,笔记本电脑,9618
婴儿用品,围巾,9617
相机,裙子,9617
平板电脑,饮料,9615
蛋奶,裤子,9614
模型,户外装备,9607
相机,相机,9605
耳机,平板电脑,9604
厨具,围巾,9601
帽子,床上用品,9601
调味品,益智玩具,9601
帽子,车载电子,9600
婴儿用品,零食,9600
玩具,婴儿用品,9599
帽子,厨具,9599
水产,零食,9599
车载电子,床上用品,9598
汽车装饰,家具,9597
裤子,笔记本电脑,9597
汽车装饰,耳机,9597
平板电脑,裤子,9596
耳机,床上用品,9594
水产,卫浴用品,9594
车载电子,平板电脑,9593
平板电脑,游戏机,9593
耳机,相机,9593
车载电子,儿童课外读物,9593
文具,音响,9592
笔记本电脑,蔬菜,9592
笔记本电脑,笔记本电脑,9590
床上用品,裤子,9590
笔记本电脑,车载电子,9589
汽车装饰,婴儿用品,9588
健身器材,床上用品,9588
笔记本电脑,智能手表,9584
玩具,健身器材,9583
米面,裙子,9582
游戏机,帽子,9582
裤子,玩具,9582
汽车装饰,饮料,9581
儿童课外读物,汽车装饰,9581
肉类,儿童课外读物,9579
鞋子,卫浴用品,9579
耳机,汽车装饰,9577
水产,耳机,9577
户外装备,裤子,9577
鞋子,水果,9575
游戏机,手套,9574
鞋子,零食,9572
耳机,外套,9572
玩具,智能手机,9570
外套,户外装备,9569
儿童课外读物,厨具,9569
智能手表,上衣,9568
床上用品,家具,9567
相机,米面,9565
儿童课外读物,米面,9564
笔记本电脑,办公用品,9562
汽车装饰,裤子,9560
内衣,蔬菜,9560
内衣,床上用品,9554
平板电脑,健身器材,9554
耳机,儿童课外读物,9552
户外装备,智能手机,9551
音响,围巾,9549
游戏机,水产,9546
车载电子,肉类,9546
婴儿用品,饮料,9544
厨具,家具,9544
婴儿用品,耳机,9543
调味品,耳机,9542
床上用品,零食,9542
床上用品,卫浴用品,9542
肉类,车载电子,9542
儿童课外读物,平板电脑,9541
车载电子,米面,9540
围巾,音响,9536
帽子,水产,9535
肉类,玩具,9535
婴儿用品,家具,9534
户外装备,耳机,9533
健身器材,肉类,9532
儿童课外读物,儿童课外读物,9532
车载电子,外套,9531
帽子,玩具,9530
平板电脑,智能手机,9530
上衣,游戏机,9530
蔬菜,耳机,9530
米面,游戏机,9528
上衣,水果,9528
家具,裤子,9526
裤子,裙子,9525
零食,车载电子,9524
帽子,智能手表,9524
上衣,智能手机,9522
办公用品,耳机,9521
耳机,蛋奶,9518
裤子,车载电子,9516
户外装备,水果,9515
零食,玩具,9515
耳机,车载电子,9509
健身器材,米面,9507
益智玩具,健身器材,9507
零食,水产,9507
办公用品,游戏机,9506
婴儿用品,裤子,9504
办公用品,卫浴用品,9504
益智玩具,饮料,9504
米面,蔬菜,9503
相机,肉类,9503
家具,水果,9501
内衣,蛋奶,9500
零食,户外装备,9496
健身器材,儿童课外读物,9495
零食,外套,9495
相机,笔记本电脑,9494
健身器材,蛋奶,9493
儿童课外读物,水产,9492
米面,米面,9491
相机,蛋奶,9491
手套,裙子,9490
帽子,蔬菜,9490
厨具,卫浴用品,9487
平板电脑,裙子,9485
笔记本电脑,户外装备,9485
健身器材,帽子,9477
车载电子,蔬菜,9474
汽车装饰,水果,9473
零食,办公用品,9472
裤子,办公用品,9470
蛋奶,游戏机,9470
调味品,卫浴用品,9467
水产,裤子,9465
婴儿用品,健身器材,9465
肉类,户外装备,9465
鞋子,家具,9463
笔记本电脑,玩具,9462
蛋奶,智能手机,9461
上衣,婴儿用品,9459
车载电子,厨具,9458
米面,儿童课外读物,9458
米面,相机,9455
办公用品,家具,9452
蛋奶,婴儿用品,9452
户外装备,家具,9450
健身器材,笔记本电脑,9450
肉类,智能手表,9448
外套,上衣,9448
汽车装饰,游戏机,9448
车载电子,蛋奶,9447
鞋子,饮料,9445
内衣,车载电子,9444
上衣,家具,9444
玩具,家具,9443
耳机,厨具,9443
水产,婴儿用品,9441
婴儿用品,婴儿用品,9440
益智玩具,智能手机,9440
厨具,耳机,9437
平板电脑,内衣,9435
车载电子,车载电子,9434
游戏机,上衣,9433
摄像机,模型,9432
米面,平板电脑,9431
内衣,笔记本电脑,9429
汽车装饰,智能手机,9427
裤子,水产,9425
厨具,水果,9425
蔬菜,水果,9424
益智玩具,内衣,9423
卫浴用品,上衣,9423
米面,外套,9422
游戏机,调味品,9420
相机,床上用品,9418
益智玩具,游戏机,9416
裤子,手套,9414
相机,平板电脑,9413
耳机,玩具,9411
上衣,饮料,9411
外套,手套,9410
床上用品,饮料,9407
户外装备,裙子,9407
鞋子,婴儿用品,9406
办公用品,水果,9405
相机,儿童课外读物,9402
蔬菜,家具,9401
裤子,智能手表,9400
蔬菜,卫浴用品,9400
鞋子,智能手机,9400
益智玩具,平板电脑,9398
智能手表,音响,9397
户外装备,游戏机,9396
米面,肉类,9394
零食,调味品,9393
内衣,汽车装饰,9392
健身器材,外套,9392
相机,外套,9391
水果,音响,9391
蔬菜,零食,9390
健身器材,智能手表,9389
手套,米面,9387
车载电子,帽子,9387
外套,调味品,9385
鞋子,裤子,9384
上衣,裙子,9384
家具,家具,9383
健身器材,玩具,9382
内衣,智能手表,9381
水产,家具,9381
音响,耳机,9380
手套,相机,9376
床上用品,智能手机,9375
米面,厨具,9373
健身器材,蔬菜,9370
笔记本电脑,帽子,9369
蛋奶,内衣,9369
肉类,办公用品,9367
耳机,蔬菜,9367
上衣,肉类,9367
车载电子,汽车装饰,9367
内衣,肉类,9364
手套,内衣,9363
内衣,儿童课外读物,9362
音响,零食,9362
鞋子,健身器材,9361
床上用品,婴儿用品,9360
平板电脑,平板电脑,9357
汽车装饰,健身器材,9352
办公用品,婴儿用品,9350
帽子,手套,9348
玩具,游戏机,9347
水产,水果,9347
手套,儿童课外读物,9345
办公用品,智能手机,9342
饮料,音响,9341
健身器材,车载电子,9340
健身器材,平板电脑,9340
玩具,相机,9338
米面,蛋奶,9338
零食,手套,9338
办公用品,饮料,9338
米面,床上用品,9337
床上用品,水果,9336
内衣,厨具,9336
肉类,水产,9335
蔬菜,裤子,9333
儿童课外读物,蔬菜,9332
平板电脑,笔记本电脑,9329
平板电脑,米面,9329
蛋奶,相机,9329
相机,厨具,9325
厨具,婴儿用品,9323
内衣,外套,9323
上衣,相机,9320
蛋奶,健身器材,9320
户外装备,内衣,9318
帽子,办公用品,9318
肉类,手套,9318
玩具,米面,9317
调味品,水果,9316
儿童课外读物,床上用品,9314
相机,汽车装饰,9313
益智玩具,米面,9313
调味品,家具,9311
水产,相机,9308
音响,水果,9307
手套,蔬菜,9305
户外装备,婴儿用品,9305
裤子,帽子,9304
调味品,裤子,9304
儿童课外读物,帽子,9303
帽子,上衣,9301
玩具,平板电脑,9301
相机,玩具,9298
笔记本电脑,手套,9297
家具,健身器材,9295
帽子,帽子,9295
平板电脑,肉类,9295
车载电子,玩具,9295
户外装备,相机,9294
婴儿用品,智能手机,9294
水产,内衣,9293
家具,智能手机,9293
内衣,水产,9290
蛋奶,蛋奶,9288
健身器材,厨具,9287
平板电脑,儿童课外读物,9286
调味品,智能手机,9285
床上用品,游戏机,9284
办公用品,裤子,9283
游戏机,音响,9283
厨具,饮料,9282
蔬菜,婴儿用品,9282
笔记本电脑,水产,9282
外套,音响,9281
儿童课外读物,办公用品,9280
卫浴用品,音响,9279
米面,玩具,9277
音响,裤子,9274
米面,智能手表,9273
模型,音响,9273
蔬菜,饮料,9273
裙子,鞋子,9272
耳机,办公用品,9271
婴儿用品,游戏机,9270
手套,床上用品,9270
耳机,水产,9269
厨具,健身器材,9267
益智玩具,相机,9266
玩具,裙子,9266
相机,蔬菜,9265
车载电子,智能手表,9265
车载电子,办公用品,9265
家具,相机,9265
内衣,手套,9265
儿童课外读物,车载电子,9263
米面,汽车装饰,9262
围巾,鞋子,9262
儿童课外读物,智能手表,9261
肉类,帽子,9260
手套,车载电子,9259
内衣,办公用品,9259
益智玩具,床上用品,9259
帽子,户外装备,9258
平板电脑,相机,9257
手套,肉类,9256
平板电脑,外套,9254
鞋子,游戏机,9253
内衣,玩具,9252
手套,平板电脑,9251
音响,饮料,9250
肉类,调味品,9250
零食,智能手表,9247
鞋子,相机,9247
玩具,笔记本电脑,9246
上衣,健身器材,9245
调味品,零食,9242
耳机,手套,9239
益智玩具,蛋奶,9234
智能手机,鞋子,9234
米面,笔记本电脑,9233
婴儿用品,相机,9232
围巾,摄像机,9230
户外装备,健身器材,9230
家具,裙子,9228
裙子,音响,9227
零食,上衣,9225
家具,游戏机,9221
手套,汽车装饰,9221
婴儿用品,内衣,9219
玩具,肉类,9219
裤子,调味品,9215
车载电子,水产,9213
笔记本电脑,上衣,9213
手套,蛋奶,9213
相机,车载电子,9212
儿童课外读物,玩具,9211
益智玩具,裙子,9211
裤子,户外装备,9210
水产,健身器材,9209
益智玩具,儿童课外读物,9209
家具,内衣,9207
户外装备,米面,9206
蔬菜,智能手机,9206
汽车装饰,肉类,9204
水产,游戏机,9203
平板电脑,汽车装饰,9203
车载电子,手套,9202
婴儿用品,蛋奶,9200
水产,智能手机,9198
汽车装饰,相机,9195
智能手机,摄像机,9195
上衣,内衣,9194
水果,摄像机,9194
手套,外套,9190
厨具,游戏机,9190
上衣,汽车装饰,9189
床上用品,米面,9188
益智玩具,蔬菜,9187
床上用品,相机,9186
平板电脑,床上用品,9185
音响,卫浴用品,9185
上衣,蛋奶,9185
家具,蛋奶,9183
笔记本电脑,调味品,9180
厨具,裤子,9178
蔬菜,健身器材,9176
手套,笔记本电脑,9176
汽车装饰,米面,9175
平板电脑,蛋奶,9175
汽车装饰,汽车装饰,9172
上衣,儿童课外读物,9166
健身器材,调味品,9165
耳机,帽子,9163
厨具,裙子,9163
摄像机,益智玩具,9163
音响,婴儿用品,9162
相机,水产,9161
健身器材,手套,9159
益智玩具,笔记本电脑,9158
相机,手套,9156
汽车装饰,内衣,9154
办公用品,内衣,9151
调味品,婴儿用品,9150
上衣,外套,9150
蛋奶,肉类,9150
水果,鞋子,9150
玩具,厨具,9150
玩具,蛋奶,9146
玩具,床上用品,9145
办公用品,健身器材,9144
裙子,摄像机,9142
调味品,内衣,9142
儿童课外读物,户外装备,9137
手套,智能手表,9136
耳机,调味品,9136
汽车装饰,蛋奶,9134
上衣,床上用品,9129
婴儿用品,笔记本电脑,9129
蛋奶,厨具,9128
玩具,车载电子,9125
相机,户外装备,9123
蛋奶,裙子,9123
户外装备,笔记本电脑,9123
鞋子,裙子,9122
蛋奶,汽车装饰,9122
家具,儿童课外读物,9122
内衣,户外装备,9121
调味品,游戏机,9120
床上用品,裙子,9120
益智玩具,外套,9120
米面,水产,9119
玩具,蔬菜,9118
帽子,调味品,9117
健身器材,上衣,9116
蛋奶,米面,9116
耳机,智能手表,9115
儿童课外读物,手套,9115
鞋子,米面,9114
调味品,健身器材,9109
益智玩具,玩具,9107
玩具,汽车装饰,9106
蛋奶,笔记本电脑,9106
玩具,外套,9103
手套,厨具,9102
调味品,饮料,9101
婴儿用品,平板电脑,9100
内衣,调味品,9099
摄像机,文具,9099
米面,车载电子,9097
厨具,蛋奶,9096
音响,家具,9095
内衣,帽子,9094
模型,摄像机,9093
蛋奶,儿童课外读物,9091
耳机,户外装备,9089
文具,鞋子,9088
鞋子,外套,9086
健身器材,办公用品,9084
蔬菜,游戏机,9079
肉类,上衣,9079
上衣,米面,9077
车载电子,调味品,9075
户外装备,汽车装饰,9074
办公用品,平板电脑,9073
智能手表,鞋子,9072
调味品,裙子,9072
家具,米面,9071
蛋奶,外套,9071
办公用品,相机,9071
健身器材,户外装备,9070
汽车装饰,笔记本电脑,9068
汽车装饰,外套,9066
益智玩具,水产,9066
玩具,儿童课外读物,9065
益智玩具,汽车装饰,9064
益智玩具,厨具,9063
蔬菜,平板电脑,9063
手套,办公用品,9062
床上用品,健身器材,9061
模型,鞋子,9059
蛋奶,平板电脑,9059
户外装备,厨具,9055
办公用品,裙子,9055
床上用品,蛋奶,9054
音响,智能手机,9053
家具,床上用品,9052
平板电脑,办公用品,9050
平板电脑,智能手表,9049
内衣,上衣,9048
厨具,内衣,9046
蔬菜,裙子,9046
玩具,玩具,9042
办公用品,米面,9041
蔬菜,蔬菜,9040
文具,摄像机,9040
婴儿用品,儿童课外读物,9039
户外装备,蛋奶,9039
水产,床上用品,9039
相机,帽子,9037
厨具,儿童课外读物,9035
鞋子,内衣,9034
蛋奶,智能手表,9033
床上用品,内衣,9031
婴儿用品,裙子,9030
户外装备,平板电脑,9030
汽车装饰,水产,9028
音响,裙子,9027
汽车装饰,车载电子,9026
厨具,平板电脑,9021
益智玩具,办公用品,9021
音响,游戏机,9021
婴儿用品,外套,9020
米面,办公用品,9019
蛋奶,水产,9015
相机,办公用品,9014
上衣,帽子,9013
汽车装饰,儿童课外读物,9013
汽车装饰,蔬菜,9011
平板电脑,车载电子,9011
健身器材,水产,9010
汽车装饰,床上用品,9009
水产,米面,9009
家具,平板电脑,9008
益智玩具,肉类,9008
鞋子,床上用品,9006
米面,帽子,9004
蔬菜,米面,9003
米面,手套,9003
智能手表,摄像机,9002
床上用品,平板电脑,9002
汽车装饰,厨具,9001
平板电脑,玩具,8999
婴儿用品,蔬菜,8999
平板电脑,厨具,8998
裤子,上衣,8998
户外装备,玩具,8997
厨具,智能手机,8995
上衣,厨具,8995
卫浴用品,鞋子,8994
游戏机,鞋子,8994
蛋奶,床上用品,8993
蔬菜,相机,8992
鞋子,肉类,8991
摄像机,围巾,8990
婴儿用品,床上用品,8988
平板电脑,帽子,8985
婴儿用品,肉类,8983
摄像机,卫浴用品,8983
平板电脑,手套,8981
耳机,上衣,8979
办公用品,床上用品,8978
鞋子,汽车装饰,8978
平板电脑,户外装备,8978
手套,玩具,8977
鞋子,儿童课外读物,8975
车载电子,上衣,8973
床上用品,笔记本电脑,8972
摄像机,零食,8972
办公用品,笔记本电脑,8971
裤子,音响,8970
手套,调味品,8970
上衣,玩具,8970
办公用品,外套,8969
肉类,音响,8967
汽车装饰,裙子,8967
户外装备,肉类,8965
蔬菜,蛋奶,8965
鞋子,笔记本电脑,8963
床上用品,肉类,8961
手套,水产,8960
饮料,鞋子,8960
办公用品,儿童课外读物,8960
户外装备,蔬菜,8958
水产,笔记本电脑,8958
蔬菜,内衣,8958
平板电脑,蔬菜,8957
车载电子,户外装备,8954
鞋子,蛋奶,8950
厨具,米面,8949
家具,肉类,8948
外套,鞋子,8947
厨具,外套,8946
卫浴用品,摄像机,8946
蛋奶,车载电子,8946
儿童课外读物,调味品,8944
上衣,蔬菜,8941
平板电脑,调味品,8940
上衣,笔记本电脑,8939
米面,调味品,8938
蔬菜,笔记本电脑,8934
厨具,笔记本电脑,8932
音响,内衣,8929
米面,户外装备,8928
鞋子,车载电子,8925
户外装备,水产,8925
相机,调味品,8925
上衣,平板电脑,8925
家具,外套,8924
家具,水产,8924
汽车装饰,帽子,8924
婴儿用品,厨具,8923
平板电脑,水产,8922
户外装备,儿童课外读物,8922
益智玩具,车载电子,8920
户外装备,床上用品,8920
上衣,智能手表,8919
办公用品,蛋奶,8911
平板电脑,上衣,8911
笔记本电脑,音响,8910
床上用品,厨具,8908
鞋子,平板电脑,8906
婴儿用品,汽车装饰,8905
蔬菜,儿童课外读物,8904
厨具,相机,8903
调味品,相机,8902
床上用品,外套,8901
水产,儿童课外读物,8900
蛋奶,帽子,8900
床上用品,床上用品,8900
摄像机,家具,8899
音响,相机,8897
户外装备,车载电子,8896
家具,笔记本电脑,8894
户外装备,户外装备,8893
家具,蔬菜,8889
玩具,水产,8886
玩具,智能手表,8884
摄像机,水果,8883
上衣,车载电子,8882
婴儿用品,米面,8881
益智玩具,上衣,8879
家具,智能手表,8878
手套,手套,8876
手套,帽子,8876
厨具,床上用品,8874
玩具,手套,8872
蔬菜,汽车装饰,8871
蛋奶,蔬菜,8870
水产,裙子,8870
儿童课外读物,音响,8869
调味品,蛋奶,8869
办公用品,蔬菜,8868
家具,办公用品,8868
汽车装饰,平板电脑,8868
益智玩具,户外装备,8866
益智玩具,智能手表,8862
上衣,办公用品,8857
家具,车载电子,8856
厨具,肉类,8856
婴儿用品,车载电子,8855
户外装备,办公用品,8855
床上用品,车载电子,8852
水产,平板电脑,8851
水产,外套,8846
床上用品,蔬菜,8845
手套,户外装备,8844
蔬菜,外套,8844
床上用品,儿童课外读物,8843
调味品,蔬菜,8842
摄像机,裤子,8841
家具,汽车装饰,8841
蛋奶,玩具,8840
厨具,厨具,8834
儿童课外读物,上衣,8833
音响,健身器材,8832
蔬菜,床上用品,8832
摄像机,耳机,8831
水产,肉类,8831
户外装备,外套,8830
相机,上衣,8829
帽子,音响,8825
办公用品,汽车装饰,8824
零食,音响,8821
床上用品,汽车装饰,8821
游戏机,摄像机,8820
蔬菜,肉类,8816
调味品,床上用品,8815
益智玩具,帽子,8814
摄像机,饮料,8809
婴儿用品,水产,8806
办公用品,厨具,8803
车载电子,音响,8797
调味品,笔记本电脑,8795
饮料,摄像机,8795
蔬菜,车载电子,8793
调味品,平板电脑,8793
外套,摄像机,8792
摄像机,智能手机,8792
蛋奶,手套,8787
相机,智能手表,8787
水产,厨具,8786
汽车装饰,玩具,8784
零食,摄像机,8783
婴儿用品,帽子,8782
鞋子,水产,8779
办公用品,水产,8777
厨具,汽车装饰,8776
厨具,蔬菜,8775
音响,笔记本电脑,8775
婴儿用品,办公用品,8775
办公用品,玩具,8775
上衣,上衣,8775
办公用品,肉类,8774
蛋奶,户外装备,8773
益智玩具,手套,8773
床上用品,户外装备,8772
水产,汽车装饰,8771
内衣,音响,8768
水产,蔬菜,8768
摄像机,婴儿用品,8767
调味品,米面,8767
调味品,外套,8766
家具,帽子,8766
音响,蛋奶,8766
水产,办公用品,8765
办公用品,车载电子,8765
户外装备,帽子,8765
汽车装饰,办公用品,8761
玩具,办公用品,8759
鞋子,手套,8759
户外装备,调味品,8755
汽车装饰,智能手表,8747
厨具,车载电子,8744
调味品,厨具,8744
婴儿用品,玩具,8744
玩具,户外装备,8742
水产,蛋奶,8740
婴儿用品,户外装备,8738
零食,鞋子,8737
鞋子,蔬菜,8736
户外装备,手套,8734
家具,手套,8732
玩具,帽子,8732
床上用品,水产,8723
益智玩具,调味品,8721
厨具,玩具,8720
家具,厨具,8719
办公用品,帽子,8717
厨具,办公用品,8716
家具,玩具,8716
鞋子,玩具,8715
婴儿用品,智能手表,8715
调味品,肉类,8709
米面,上衣,8706
厨具,智能手表,8705
床上用品,帽子,8702
摄像机,裙子,8702
户外装备,智能手表,8701
鞋子,办公用品,8693
汽车装饰,户外装备,8692
玩具,上衣,8690
音响,厨具,8690
鞋子,帽子,8689
厨具,调味品,8688
音响,米面,8686
水产,玩具,8684
手套,上衣,8684
调味品,水产,8680
蔬菜,厨具,8679
办公用品,户外装备,8679
健身器材,音响,8678
户外装备,上衣,8676
蔬菜,玩具,8676
水产,车载电子,8672
音响,外套,8669
肉类,摄像机,8668
音响,平板电脑,8668
摄像机,健身器材,8665
上衣,户外装备,8665
鞋子,厨具,8664
摄像机,内衣,8663
汽车装饰,手套,8660
玩具,调味品,8659
上衣,水产,8655
蛋奶,办公用品,8654
音响,智能手表,8647
音响,儿童课外读物,8647
蔬菜,水产,8642
床上用品,玩具,8642
水产,手套,8642
耳机,音响,8641
办公用品,办公用品,8638
上衣,手套,8636
床上用品,智能手表,8632
调味品,儿童课外读物,8631
厨具,帽子,8630
厨具,户外装备,8626
音响,肉类,8625
汽车装饰,调味品,8624
水产,智能手表,8621
调味品,玩具,8612
办公用品,手套,8612
水产,水产,8611
内衣,鞋子,8610
蔬菜,户外装备,8609
调味品,帽子,8604
鞋子,智能手表,8604
音响,蔬菜,8603
水产,户外装备,8599
家具,户外装备,8597
笔记本电脑,摄像机,8597
耳机,摄像机,8592
鞋子,户外装备,8589
蛋奶,调味品,8589
蔬菜,智能手表,8589
儿童课外读物,鞋子,8588
摄像机,相机,8586
相机,音响,8585
调味品,汽车装饰,8584
鞋子,调味品,8584
蔬菜,办公用品,8581
蔬菜,手套,8579
音响,水产,8577
床上用品,手套,8574
厨具,水产,8574
内衣,摄像机,8569
水产,帽子,8562
家具,上衣,8561
床上用品,办公用品,8554
调味品,办公用品,8552
调味品,车载电子,8552
帽子,摄像机,8550
帽子,鞋子,8543
肉类,鞋子,8534
水产,调味品,8532
蛋奶,上衣,8531
裤子,摄像机,8529
办公用品,上衣,8519
厨具,手套,8509
床上用品,调味品,8508
蔬菜,帽子,8507
平板电脑,音响,8507
办公用品,调味品,8506
手套,音响,8502
家具,调味品,8502
上衣,调味品,8499
笔记本电脑,鞋子,8498
儿童课外读物,摄像机,8497
摄像机,蛋奶,8495
裤子,鞋子,8491
办公用品,智能手表,8489
摄像机,游戏机,8488
音响,玩具,8484
摄像机,笔记本电脑,8483
音响,床上用品,8482
婴儿用品,调味品,8479
婴儿用品,手套,8478
音响,汽车装饰,8477
车载电子,鞋子,8476
汽车装饰,上衣,8474
摄像机,米面,8469
音响,办公用品,8463
床上用品,上衣,8459
婴儿用品,上衣,8457
音响,手套,8448
鞋子,上衣,8428
摄像机,肉类,8414
厨具,上衣,8414
调味品,智能手表,8412
音响,车载电子,8403
摄像机,儿童课外读物,8402
健身器材,鞋子,8402
健身器材,摄像机,8401
蔬菜,上衣,8395
摄像机,汽车装饰,8389
米面,鞋子,8386
玩具,音响,8385
调味品,上衣,8384
汽车装饰,音响,8378
摄像机,床上用品,8375
相机,摄像机,8350
音响,调味品,8347
米面,音响,8346
调味品,手套,8343
音响,户外装备,8338
车载电子,摄像机,8337
调味品,户外装备,8335
蛋奶,音响,8330
户外装备,音响,8327
音响,帽子,8299
厨具,音响,8292
耳机,鞋子,8291
家具,音响,8289
办公用品,音响,8287
摄像机,外套,8281
婴儿用品,音响,8279
手套,摄像机,8274
手套,鞋子,8265
米面,摄像机,8264
蔬菜,调味品,8262
摄像机,车载电子,8249
水产,上衣,8246
平板电脑,摄像机,8239
汽车装饰,鞋子,8225
益智玩具,音响,8224
上衣,音响,8214
相机,鞋子,8211
摄像机,智能手表,8208
摄像机,平板电脑,8205
益智玩具,摄像机,8201
鞋子,音响,8200
平板电脑,鞋子,8195
音响,上衣,8189
玩具,鞋子,8159
摄像机,办公用品,8152
鞋子,鞋子,8147
床上用品,音响,8135
摄像机,厨具,8134
汽车装饰,摄像机,8127
摄像机,帽子,8126
上衣,鞋子,8121
家具,摄像机,8119
调味品,调味品,8115
摄像机,玩具,8097
益智玩具,鞋子,8086
婴儿用品,鞋子,8082
水产,音响,8071
户外装备,摄像机,8063
蔬菜,音响,8054
玩具,摄像机,8029
摄像机,调味品,8025
摄像机,水产,8023
水产,摄像机,8007
摄像机,户外装备,8001
蛋奶,鞋子,8000
户外装备,鞋子,7991
办公用品,鞋子,7986
厨具,鞋子,7984
摄像机,蔬菜,7968
蛋奶,摄像机,7967
摄像机,上衣,7951
音响,音响,7925
摄像机,手套,7924
蔬菜,鞋子,7908
婴儿用品,摄像机,7901
调味品,音响,7891
蔬菜,摄像机,7890
床上用品,鞋子,7882
床上用品,摄像机,7881
家具,鞋子,7869
办公用品,摄像机,7865
上衣,摄像机,7845
厨具,摄像机,7827
鞋子,摄像机,7827
摄像机,音响,7783
调味品,摄像机,7775
水产,鞋子,7758
音响,鞋子,7729
调味品,鞋子,7719
音响,摄像机,7624
摄像机,摄像机,7473
摄像机,鞋子,7434
